9784862760401,"PC脇","サーバントリーダーシップ",ndl,361.43,ndl,9,ndl,"Greenleaf, Robert K, 1904-1990,金井, 寿宏, 1954-,金井, 真弓,ロバート・K.グリーンリーフ 著,金井壽宏 監訳,金井真弓 訳",ndl,"英治出版",ndl,2008,ndl,"","","","",573,ndl,"『サーバントリーダーシップ』目次
監訳者序文
前書きに代えて
5
15
はじめに
35
第1章
第2章
第3章
第4章
リーダーとしてのサーバント
43
サーバントとしての組織
107
サーバントとしてのトラスティ
165
ビジネスにおけるサーバント・リーダーシップ
227
第5章
第6章
第7章
第8章
第9章
第10章
第11章
教育におけるサーバント・リーダーシップ
財団におけるサーバント・リーダーシップ
教会におけるサーバント・リーダーシップ
サーバント・リーダー
399
官僚主義社会におけるサーバントとしての責任
アメリカと世界のリーダーシップ
483
心の旅
493
351
329
269
追記
終わりに
525
521
監訳者解説
551
459",,notion,330749de-9a26-81ef-866a-cd6ae0523c73,0,0,"2026-03-27 03:29:00","2026-03-27 03:29:00",resource\cover_images\9784862760401.webp,1
9784492533871,"PC脇","LIFE SHIFT : 100年時代の人生戦略",ndl,159,ndl,9,ndl,"Gratton, Lynda, 1955-,Scott, Andrew, 1965-,池村, 千秋, 1971-,リンダ・グラットン, アンドリュー・スコット 著,池村千秋 訳",ndl,"東洋経済新報社",ndl,2016,ndl,"","","","",15,ndl,"序章
100年ライフ
第1章
長い生涯
目次
日本語版への序文
オンディーヌの呪い
100年ライフでなにが変わるか？
あなたの100年ライフをつくる本
長寿という贈り物
平均寿命は今後も延びる
健康な期間が延びる
50
41
22
36
39
金偏重 人性
第2章
過去の資金計画
第3章
雇用の未来
57
教育・仕事・引退モデルの崩壊
ジャック
13ステージの人生の世代
ジミーー
13ステージの人生が軋む
66
73
ジェーン13ステージの人生が壊れる
3ステージ型仕事人生に別れを
82
87
機械化・AI後の働き方
新しい産業とエコシステム
89
雇用なき未来がやって来る？
仕事の未来はどうなるのか？
102
109
ジェーンへの助言
116
12
第4章
見えない「資産」
119
お金に換算できないもの人生の「資産」を管理する
121
1生産性資産
スキルと知識
128
128
仲間
評判
136
139
2活力資産
143
健康ー脳は鍛えられる
144
バランスの取れた生活
自己再生の友人関係
ジャックの無形の資産
3ステージの人生で失われるバランス
3 麥身資產
56
自分についての知識
146
148
150
161
多様性に富んだネットワーク
新しい経験に対して開かれた姿勢
154
164
166
13
目次
第5章
新しいシナリオ
第6章
新しいステージ
可能性を広げる
ジミーが送ってきた人生
3・0シナリオ
3・5シナリオ
4・0シナリオ
179
181
186
ジェーンの人生のシナリオ
ジェーンの4・0シナリオ
172
196
198
5・0シナリオ
ジェーンとほかの世代の決定的な違い
選択肢の多様化
若々しさ
223
エクスプローラー
230
インディペンデント・プロデューサー
ポートフォリオ・ワーカー
249
56
239
219
214
169
第7章
新しいお金の考え方
第8章
新しい時間の使い方
移行期間
256
必要な資金をどう得るか
数字のつじつまを合わせる
お金に関する自己効力感
お金に関する自己主体感
自分のリ・クリエーションへ
時間の使い方は社会が決める
100年ライフの時間配分
新しい余暇の過ごし方
292
310
302
278
273
263
261
291
第9章
未来の人間関係
終章
変革への課題
私生活はこう変わる
家庭
316
仕事と家庭
329
多世代が一緒に暮らす時代へ
自己意識
教育機関の課題
企業の課題
政府の課題
381
370
357
365
注
347
315
355",,notion,330749de-9a26-8114-bb92-c1161c802ce2,0,0,"2026-03-27 03:29:00","2026-03-27 03:29:00",resource\cover_images\9784492533871.webp,1
9784569665511,"PC脇","「世界の神々」がよくわかる本 : ゼウス、アポロンからシヴァ、ギルガメシュまで",ndl,164,ndl,9,ndl,"東, ゆみこ, 1968-,造事務所,東ゆみこ 監修,造事務所 著",ndl,"PHP研究所",ndl,2005,ndl,"PHP文庫",ndl,"","",317,ndl,"「世界の神々」がよくわかる本目次
まえがき・
Part1ギリシア神話
華麗なるオリュンポスの神々
その血族の繁栄を綴った年代記.
6
全能なるオリュンポス12神の長
ゼウス
水を支配し嵐を呼び起こす海の王
ポセイドン
24
28
暗黒の地下世界に住まう冥府の王
ハデス....................32人類に火の恵みをもたらした賢者
プロメテウス....................38
12の功業を達成した最強の戦士
ヘラクレス
多才にして端正な輝ける太陽神
アポロン
40
42
森の動物を守護する月の女神アルテミス・
武勇で畏怖された美しき女戦士
アテナ・
葬かつ移り気な美と愛の女神アフロディーテ
アレス
ディオニュソス
ヘルメス...
へパイストス
デメテル…
ヘスティア
ヘラ
58
57
56
55
54
53
52
48
46
44
Part 2
北欧神話
酷寒の地に吹き荒れる戦鬼たちのサーガ....
知識に食欲な最高神
オーディン
授滑なトリックスター
ロキ・
戦士の魂を求めて
ヴァルキリー
稲妻を手にする戦神
トール
ゲルマン民族の英雄
シグルズ
高貴なる血筋の御曹司
フレイ
純粋なる魂の光の神
バルドル
60
88
86
84
82
76
Z2
68
神々の見張り番
ヘイムダル
原初の巨人
ユミル
フリッグ・
テュール・
フレイヤ
ニョルズ・
ヴァフスルーズニル
ウルズ
フルングニル
90
92
102
101
100
99
98
97
96
Part 3
ケルト神話
ドルイド僧秘伝の、今なお謎に包まれたままのケルト神話
ケルト神話の代表的な英雄
ク・ホリン
たぐい稀なる知恵と武術を持つ勇者
フィン・マックール
ダーナの時代は彼女から始まった
ダヌ
ダーナの父は万能の神
ダグダ
投石器と槍で敵を討つ
ルー
海を陸に変えてしまう楽園の主
マナナーン・マクリール
実弟に翻弄された悲しき女神アリアンロッド
128
126
124
122
116
112
104
オグマ
オィンガス
モリガン
ブリジット
デアドラ
ヌアダ
ゴブニュ
Part4インド神話
悠久のガンジスに見守られる終わりなき神々の祝祭
取り去る者1破壊
シヴァ
行き渡る者救済
ヴィシュヌ…
宇宙の原理ー創造
ブラフマー・
158
154
150
H2
140
139
138
137
136
135 134
庶民に愛される頭神
ガネーシャ
・●
美しすぎるゆえの苦悩
サラスヴァティー
神秘の力をもつ猿神
ハヌマーン
ヴィシュヌの化身
クリシュナ
己の心に忠実な女神
パールヴァティー
慢心せし武神
インドラ
ラクシュミー
カーマ
カーリー
アグニ
スーリヤ
アスラ
183
182
181
180
179
178
.72
14
170
168
166
164
ヤマ
Part 5メソポタミア神話
石板に刻まれた楔形文字が失われた文明の片鱗を語る…
186
184
不死を求めて流浪した実在の名君
ギルガメシュ...................%
強敵を親友とした野生の戦士
エンキドウ
198
愛欲ゆえに戦を呼ぶ残酷な美女神
イシュタル
202
夫を殺され子孫殲滅を図った女帝
ティアマト....................28戦で王座を得たバビロニア守護神
マルドゥク
210
神々が一目置く長老たる天空神
アヌ
叡智ゆえに尊敬を集めた水神
エア
苛烈さを畏怖された大気神
エンリル
エレシュキガル
シャマシュ
シン
アンズー
ニンギルス
クマルビ
テシュプ
226
225
224
223
222
221
220
216
214
212
Part6エジプト神話
砂漠の中の恵みの大地ナイルが生んだ
エジプトの神々.
神々の王とみなされた太陽の象徴
ラー
地上の豊穣と死後の平安の守護者
オシリス.
ナイルの大地を継いだ太陽の王子
ホルス
姿を変えたもうひとりの太陽神
アメン／アモン......
太陽の王子の母は女魔法使い
イシス...............
ホルスを助けた優しき牝牛
ハトホル...........
頭脳明晰な神々の発明家
トト
252
250
244
240
236
34
ナイルの民に愛された踊る猫神
バステト
ナイルの憎まれ役でも立派な神
セト
ヌト
アヌビス
ミン
プタハ
ベス
ケプリ
アテン／アトン
270
269
268
267
266
265
264
260
258
Part 7クトゥルー神話
暗黒の宇宙史として広がるクトゥルー神話の
邪神たち
封印された巨大なる海魔の王
クトゥルー・
世界の海に潜むものたちの父
ダゴン
ある時は横言者、ある時は砂漠の王…
ナイアルラトホテップ
万物の王たる痴愚の神
アザトホース
まがまがしき異界への扉
ヨグ・ソトホート…
宇宙を駆ける名状しがたき風
ハスター…..
土星から来た静かなる地神
ツアトゥグア・
300
298
296
294
288
284
280
272
南極に眠っていた神々の失敗作
ショゴス
災いを運ぶ風の巨神
イタカ
チャウグナル・ファウグン・
ロイガー
アトラク・ナクア
クトゥグア
イグ
ウボ・サスラ
ノーテンス
参考文献
Another story
◆異教の神が天使になった！？
◆神話を彩る聖獣たち
316
314
313
312
311
310
309
308
304
302
◆神話世界の武器と防具...80
◆物語に登場する
魔法の道具たち
◆ビジュアル系
女神の競演（艶？）
◆モテモテの神様
いっきょ紹介！
◆半獣半人の
キャラクターたち
◆ファンタジー文学と
神話の深～い関係....
◆神々たちの恋物語
94
120
132
162
176
206
◆不思議な食べ物、飲み物
◆アフリカに伝わる神話
◆グノーシス神話の世界観
◆ネイティブ・アメリカンの神々
◆マヤ・アステカの神々
218
248
262
292
306",,notion,330749de-9a26-81a2-94ef-f920338e34b4,0,0,"2026-03-27 08:19:09","2026-03-27 08:19:09",resource\cover_images\9784569665511.webp,1
9784489020001,"焦茶本棚","入門はじめての多変量解析",ndl,417,ndl,9,ndl,"石村, 貞夫, 1949-,石村, 光資郎,石村貞夫, 石村光資郎 著",ndl,"東京図書",ndl,2007,ndl,"","","","",306,ndl,"はじめに
iv
Section 1.1



Section 1.2


Section 1.3


Section 1.4


Section 1.5


Section 1.6


Section 1.7


Section 1.8


多変量解析は楽しい！
What's 多変量解析？！
重回帰分析のはなし
主成分分析のはなし
因子分析のはなし
判別分析のはなし
クラスター分析のはなし
数量化理論のはなしここでちょっと復習！
楽しさ実感！！
公
章
章
Section 2.1
Section 2.2
Section 2.3
Section 2.4
Section 2.5
Section 2.6
Section 2.7
Section 2.8
Section 2.9
Section 2.10
Section 2.11



Section 3.1


Section 3.2


Section 3.3


Section 3.4


Section 3.5


Section 3.6


Section 3.7


Section 3.8


Section 3.9


Section 3.10


Section 3.11


はじめての重回帰分析
重回帰分析とは因果なもの？！
重回帰式と重回帰モデル
重回帰式を求めよう
その重回帰式は因果関係をよく表していますか？…50
偏回帰係数の意味するもの重回帰分析の検定
：
重回帰分析の推定
...
重回帰分析がいつもうまくゆくとは限らない
多重共線性の問題点
ダミー変数の利用・回帰分析についてのその他の話題
34
36
38
56
64
68
70
78
80
82
はじめての主成分分析
主成分分析は総合化です！
主成分とは？！...
主成分の求め方（1）一
情報損失量の最小化
主成分を解釈する？
寄与率と累積寄与率
主成分得点を定義しよう
これは便利！
主成分得点によるランキング
第1主成分と第2主成分
主成分の求め方（2）一分散の最大化
主成分分析は単位の影響を受けます
主成分分析についてのその他の話題
86
88
91
102
104
106
108
110
112
114
118
章
Section 4.1
Section 4.2
Section 4.3
Section 4.4
Section 4.5
Section 4.6
Section 4.7
Section 4.8
Section 4.9
Section 4.10
Section 4.11
Section 5.1
判別分析とは判別するもの？！
Section 5.2
線型判別関数とは？
Section 5.3
判別得点とその変動
Section 5.4
3つの大切な変動
Section 5.5
線型判別関数の求め方
Section 5.6
判別得点と境界線の関係
Section 5.7
1変数のマハラノビスの距離
Section 5.8
2変数のマハラノビスの距離
Section 5.9

Section 5.10
正答率と誤判別率
はじめての
因子分析
因子分析で共通要因を？！
因子分析のモデル式と因子の解釈
因子分析の分散共分散行列
主因子法による因子分析
因子負荷の求め方の実際
因子を回転する？！
最尤法と1変数の尤度関数
変数の尤度関数への一般化
最尤法による因子負荷の求め方
直交モデル・斜交モデルの分散分散行列・・・172
最尤法とプロマックス回転の例…
124
128
132
138
144
154
164
168
170
173
はじめての判別分析
Sw・SB・Srの計算
178
180
184
192
196
202
204
208
マハラノビスの距離による境界線
212
214
章
Section 6.1
Section 6.2
Section 6.3
Section 6.4
章
章
Section 7.1
Section 7.2
Section 7.3
Section 7.4
Section 7.5
Section 8.1
Section 8.2
Section 8.3
Section 8.4
Section 8.5
はじめてのクラスター分析
似ている！似ていない？
クラスタ間の距離の決め方
クラスター分析の手順は？
デンドログラムの使い方・
218
222
226
236
はじめての数量化I類
数量化理論とは？・
予測に役立つ数量化I類
数量化I類の予測式の求め方
カテゴリ数量の基準化
数量化I類で美女のサイズをあてよう
240
242
244
248
250
はじめての数量化I類
判別に役立つ数量化II類
数量化II類の判別式の求め方
数量化II類の判別式の利用法
カテゴリ数量の基準化・数量化II類で血液型をあてよう
256
258
262
264
266
つ
Section 9.1
Section 9.2
Section 9.3
Section 9.4
Section 9.5
付録：数表
参考文献
索引
はじめての数量化I類
分類や特性を知る数量化II類
276
カテゴリ数量・サンプルスコアの求め方
278
カテゴリ数量・サンプルスコアを読む
284
数量化I類でわかる女子学生のお酒の好み…
286
数量化I類でわかる血液型の特性
292
295
298
301",,notion,332749de-9a26-81e9-8b2b-e4ce6f68b7b6,0,0,"2026-03-29 23:28:31","2026-03-29 23:28:31",resource\cover_images\9784489020001.webp,1
9784405105201,"焦茶本棚","最強の昆虫図鑑",ndl,486,ndl,9,ndl,"江良, 達雄, 1947-,江良達雄 著",ndl,"新星出版社",ndl,2005,ndl,"","","","",127,ndl,"カブトムシとその仲間
コガネ
ムシ科
カブトムシの仲間
世のカブトムシの種類
カブトムシの大きさくらべ
ツノのくらべ
カブトムシの輩さくらべ
カブトムシの食べ物くらべ
カブトムシとコガネムシ、カナブン、ハナムグリのちがいコガネ
ムシ科
コガネムシ科の神間
コガネムシ科のさくらべ
コガネムシ科の足の貫さくらべ
昆虫うんちくクイズ カブトムシ編
なか
ま
クワガタの仲間
クワガタ
なか
か
ムシ科
クワガタの仲間
しゅるい
クワガタの主な種類
クワガタの強さくらべ
クワガタの大きさくらべ
クワガタのあごのくらべ
ミヤマクワガタのさまざまな前間部
たいしょく
クワガタの体色
昆虫うんちくクイズ
クワガタ編
カミキリムシとその他の強
その他
カミキリムシの神間
なが
カミキリムシのヒゲの長さくらべ
カミキリムシののきさくらべ
カミキリムシのきさくらべ
その他
うちゅう
の甲虫
ハンミョウやオサムシの仲間
その他
の軍
ゾウムシの仲間
昆虫うんちくクイズ
その他の出
その他
なか
ま
の謹
バッタの仲間
キリギリスの間のきさくらべ
その他の単蛍編
その他
ま
の能
カマキリの仲間
ひっさつわざ
カマキリの必殺技
その他
こんらゆつ
の昆虫
なか
ま
トンボの仲間
おお
トンボの大きさくらべ
どう猛なトンボ
だ
その他
こんちゅう
の昆虫
なか
ま
ハチの仲間
つよ
ハチの強さくらべ
どう猛なアリたち
その他
の昆虫
水生昆虫の体間
すいせいこんちゅう
水生昆虫の強さくらべ
すいせいこんちゅう
水生昆虫の泳ぎくらべ
その他
なか
ま
の昆虫
アブの仲間
その他
の崑茧
さいきょう
ようちゅう
最強の幼虫たち
昆虫うんちくクイズ
ちゅうへん
その他の昆虫編
こんちゅう
しきへ
崑茧基礎知識徧
なるほど！
ちゅう
からだ
昆虫の体
いちゅうへんたい
昆虫の変態
ちゅうこうせい
澄号のムシと夜のムシ
ムシのコミュニケーション
きょうせい
香・美あれこれ
ほうほう
身を守る方法さまざま
こんちゅう
崑茧の笑移動 業箇移動
こんちゅう
昆虫の食べ物
こんちゅう
強うんちくクイズの答え
こんちゅう
昆虫のホームページ
こんちゅう
はくぶつかん
昆虫の博物館
さくいん",,notion,332749de-9a26-81b3-a826-eeda2f1c7cdf,0,0,"2026-03-29 23:28:31","2026-03-29 23:28:31",resource\cover_images\9784405105201.webp,1
9784480864901,"焦茶本棚","金持ち父さんのお金の教科書　――親から子に伝える一生お金に困らない考え方",ndl,"","","","","ロバート・キヨサキ,岩下慶一,ロバート・キヨサキ 著・文・その他,岩下慶一 著・文・その他",ndl,"筑摩書房",opendb,20260311,opendb,"単行本",opendb,"","",0,"","ロバート・キヨサキからのメッセージ 7
（序章）誰が子どもたちに、お金のことを教えるのか？9
（第1‡あなたの子どもはお金の知識を持っているか？ 'g
第2章
さあ、宿題をしようー金持ちは余暇にお金を使う
45
（第3章将来どうなりたいかを考えよう投資家になることの優位性 6
（第4章）「三つの収入」を理解しよう！給与・ポートフォリオ・不動産 z9
第5章
自分だけの成績表を作ろう資産と負債のキャッシュフロー・パターン
89
第6章
事実を知って真実を見極めようー家を買ってはいけない
117
（第7章）先々の計画を立てようー賢く投資するとお金は木のように育つ
第8章）使う言葉に気をつけよう
1学校では教えないお金の基礎知識
151
173
最後におまけの一言
金持ち父さんの知恵ー
言葉が持つパワー
193",,notion,334749de-9a26-81f9-b0ee-ec199dbf6419,0,0,"2026-03-31 08:29:53","2026-03-31 08:29:53",resource\cover_images\9784480864901.webp,1
9784813296591,"焦茶本棚","みんなが欲しかった!FPの教科書3級",ndl,338.18,ndl,10,ndl,"滝澤ななみ 著",ndl,"TAC株式会社出版事業部",ndl,2021,ndl,"","","'21-'22年版",ndl,439,ndl,"CHAPTER 01
CHAPTER 02
CHAPTER 03
ライフプランニングと資金計画
01 FPと倫理
02ライフプランニングの手法
03ライフプラン策定上の資金計画
04社会保険
05 公的年金の全体像
06公的年金の給付
07 企業年金等
08年金と税金
09カード
56
06
88
9
5
6L
リスクマネジメント
01保 の基本
02 生命保険
03 損害保
04第三分野の保険.
• 103
金融資産運用
01金融・経済の基本
02 セーフティネットと関連法規
03 貯蓄型金融商品，
04債券：
05株式
06 投資信託
07 外貨建て金融商品
08金融商品と税金
09 ポートフォリオとデリバティブ取引
157
170
w
..214
• 218
CHAPTER 04
CHAPTER 05
CHAPTER 06
タックスプランニング
01所得税の基本
02各所得の計算
03 課税標準の計算
04 所得控除
05税額の計算と税額控除
06所得税の申告と納付
07 個人住民税、個人事業税
237
238
246
269
275
290
299
306
不動産
01不動産の基本
02 不動産の取引
03不動産に関する法令
04不動産の税金
05不動産の有効活用
311

312

319

327

345

• 364
相続・事業承継
01相続の基本
02 相続税
03 贈与税
04財産の評価
369
370
388
408
423",,notion,335749de-9a26-8199-b714-f025deaaead4,0,0,"2026-04-01 00:05:40","2026-04-01 00:05:40",resource\cover_images\9784813296591.webp,1
9784480864321,"焦茶本棚","金持ち父さんの子供はみんな天才 : 親だからできるお金の教育",ndl,379.9,ndl,9,ndl,"Kiyosaki, Robert T, 1947-,白根, 美保子,ロバート・キヨサキ 著,白根美保子 訳",ndl,"筑摩書房",ndl,2014,ndl,"","","","",340,ndl,"（第一部）お金は一つの考え方にすぎない
第一章）生まれた時はだれでもリッチキッド、スマートキッド 23
第二章
あなたの子供は天才か？
（第三章お金を与える前に力を与える
57
第四章
ホームワーク
金持ちになるためには「宿題」が大事
79
（第五章）人生にはいくつの勝利の方程式が必要か？
100
（第六堂）三十歳になる前に「時代遅れ」になる？
113
（第七章あなたの子供は三十歳までに引退できるか？
130
（第二部）大事なのはファイナンシャル教育
（第八章銀行は「成績表を見せろ」とは言わない
159
（第九章子供は遊びながら学習する
（第十章貯金では金持ちになれない
（第十一章いい負債と悪い負債の違い
176
193
207
（第十二章）本物のお金で学ぶ 20
（第十三章）ファイナンシャルIQを高めるそのほかの方法（第十四章）小遣いは何のため？27
231",,notion,335749de-9a26-8103-8f5b-d8db6818219c,0,0,"2026-04-01 00:05:40","2026-04-01 00:05:40",resource\cover_images\9784480864321.webp,1
9784480864291,"焦茶本棚","金持ち父さんの投資ガイド",ndl,338.18,ndl,9,ndl,"Kiyosaki, Robert T, 1947-,白根, 美保子,林, 康史, 1957-,今尾, 金久,ロバート・キヨサキ 著,白根美保子, 林康史, 今尾金久 訳",ndl,"筑摩書房",ndl,2014,ndl,"","","入門編 (投資力をつける16のレッスン)",ndl,274,ndl,"はじめにこの本から学ぶこと
第一ステージ投資家になる心構えはできているか？
（第一章「何に投資したらいいのでしょう？」3
第二章
しっかりした土台を築く
54
（第三章）金持ち父さんの十六の投資家レッスン 64
（投資家レッスン1道を選ぶ 66
投資家レッスン2コインの裏表を見る
70
（投資家レッスン3なぜ投資はわかりにくいのか？ 78
投資家レッスン4投資はプランだ 88
投資家レッスン5
言葉が人を金持ちにする
（投資家レッスン6単純なプランを守り通す
96
106
（投資家レッスン7自分に合ったプランを見つける
（投資家レッスン8将来どうなりたいか決める
（投資家レッスン9どのプランにも支払うべき代価がある
（投資家レッスン10投資が危険ではない理由
（投資家レッスン1テーブルのどちらの側に座りたいか？
117
125
135
146
152
投資家レッスン12投資の七つの基本ルール
163
投資家レッスン13）ファイナンシャル・リテラシーがリスクを減らす 85
投資家レッスン14
投資家レッスン15
投資家レッスン16
簡単にわかるファイナンシャル・リテラシー
間違いの持つ不思議な力
233
金持ちになるために支払うべき代価
245
第四章）九十対十の謎とは何か？
259
207",,notion,335749de-9a26-81da-b426-e673a79fcc4c,0,0,"2026-04-01 00:05:40","2026-04-01 00:05:40",resource\cover_images\9784480864291.webp,1
9784065166901,"焦茶本棚","アイヌの世界観 : 「ことば」から読む自然と宇宙",ndl,382.11,ndl,10,ndl,"山田, 孝子, 1948-,山田孝子 [著]",ndl,"講談社",ndl,2019,ndl,"講談社学術文庫 ; 2560",ndl,2560,opendb,333,ndl,"プロローグ
第一章アイヌの宇宙観
1モシリ（世界）
25
アイヌ・モシリ（人間の世界）の誕生27
3カムイ・モシリ（神々の世界）
35
4ポクナ・モシリ（下方の世界）
41
5 アイヌの他界観 53
6 相補二元的宇宙観 62
第二章霊魂とカムイ・・
1霊魂の観念 73
2カムイの概念
80
3語彙素構成からみる神性の認識
86
73
25
11
4人間的なカムイ像
5カムイとジェンダー
6人間との関係
101
108
124
第三章アイヌの植物命名法
1植物名が語る認識のプロセス
2基本名からみる命名のプロセス
3対照名からみる命名のプロセス
4 類別的認識 54
5 植物 神格化
169
第四章動物の分類と動物観
1動物の個別名と包括名
2 個別化の原理
182
3類別カテゴリーの外延
176
192
139
152 143
176
139
4類別化の原理
201
5動物分類と空間分類の連撃
206
6動物のシンボリズムと神格化の基盤
212
第五章諸民族との比較
1 日本上代における世界観との比較
2北方諸民族における世界観
248
3アイヌの世界観
264
224
第六章世界観の探究認識人類学的アプローチ・
1言語と文化
280
2イーミックな観点とエスノ・サイエンス
3 「もの」の名称から認識の体系へ
288
象徴体系としての世界観 94
5メタファーとしての動物
296
284
280
224
6言語の象徴表現と世界観
7認識人類学の意義
306
304
補章現代に生き続けるアイヌの世界観
あとがき・・・・・学術文庫版あとがき
索引",,notion,336749de-9a26-8180-9eb2-ee8be891eaa5,0,0,"2026-04-02 08:52:00","2026-04-02 08:52:00",resource\cover_images\9784065166901.webp,1
9784865901061,"焦茶本棚","志村けん160の言葉",ndl,779.9,ndl,10,ndl,"志村, けん, 1950-2020,志村けん 著",ndl,"青志社",ndl,2020,ndl,"","","","",283,ndl,"・¼
まえがき志村がいた日々加藤茶…・・
第一章夢の原点
コンプレックスと才能
1小一の時の運動会でね。スタートのピストルがバーンと鳴った瞬間、ブリブリッと、うんちを満らしちゃったの・36
2お笑い以外の道は、考えなかったです・・••・・38
3家の中が窮屈なわけ。それで、学校でワーワー騒ぐ。
すると笑われる。笑われると、もううれしくて•••••••••••••40
4親父は厳しかった。一緒に酒を飲むということも1回もなかったしね
5面白いことをやれば、女のコの注意をひくことができるだろう・・・•••42
6一番早く起きて一番遅く寝てるのはおふくろなんだぞって、腹が立って腹が立って…
7高校の担任の先生に「中学までの義務教育で自分の向いているものがわかれば、そのまま進めばいいんだ」と言われましてね•・・••••・46
8学生時代はクラスの人気者ってわけじゃなかったですよ。けっこう恥ずかしがり屋でさ
35
9音楽が入ったほうが絶対に幅が出ると思って、コミック・バンドのトリーのライランで大きな声じゃ言えないけど、ボクが本当の意味で酒を飲み始めたのは、高校生の時でした…
1笑いのセンスなんてものはたぶん、生まれ持ったものが80%以上占めるんじゃない・・・・・・・S4
12ガールフレンドもいました。話をしてるうちに、こたつのなかで足がふれ合ったもんだから、とりあえず、ということになっちゃって・・••••••・
13 その子と別れるっていうときは、おふくろのほうが泣いたよ。いい子なのにって・
14僕はこうと決めると、絶対やらないと気がすまないタイプ。物事を決断する時、迷ったことはほとんどない・••••••・57
15大学進学の気持ちなんかこれっぽっちもなかったから、ドリフに入れたというだけで大満足でした..・・・・58
16
靴も買えなかったから、仲よくなったテレビ局の小道具さんからわらじをもらって
ずっと履いていたの...
62
17すごく怒っていたおやじだけど、晩年はおふくろのとりなしもあり、“自分で選んだ道なんだから最後までやりとげろ”と励ましてくれていた
18 最初の同棲は付き人時代だった。まさに「神田川」の世界・・・・・・6
19どんなタイプっていって・・・・・・あんまり覚えてないんですよね・・・...°
20「寝てないの？番してあげるから、私たちのところで寝なさいよ」後の“じゅんとネネ”ですよ
21一時期、ドリフをやめたんです。だから、いまでも、その時、ボクはトンズラしたことになっているんですよ•••••・・7I
22 いかりやさんも、2度も弟子入りしようとするやつは「よくよく好きなんだろう」と戻るのを認めてくれた
第二章ザ・ドリフターズ天命と知る
75
23
24
25
26
後にも先にも印象に残っているいかりやさんの言葉は、「いいか志村、カネのことはいうな」・すごい葛藤がありましたよ。「待ってました」なんていう、そんなのなかった迷いましたよ。自分が萎縮してダメになっちゃうんじゃないかと…売れるまでいろいろあったんだけど、その間、女の子も何人か代わっていたなぁ
；アイデアが出る人と出ない人といますから、出る人は出ない人のことを考える
28 子どもは子ども扱いされるのがいちばん嫌いなんだ・・・・・・・・84
ドン！といったら手で顔を押さえ「イテェ〜！」ってやると、ドッと笑いがくる！
危なくて仕様がない。右ひじの軟骨が潰れて、水が溜まったことあるからなぁ～・・・
86
30あの人は昔から厳しくて、完璧主義者でね、オレにとってはオヤジと同じくらい怖い存在
31寝ているいかりや長介さんの頭を誰がスリッパで殴ってくるか、なんて恐ろしい肝試し
32
仲本さんのスゴイところは、コントやっても何色にでも染まるということ「ドリフターズの原点に戻って楽器やらないか」って話になったことがあった。
結局、メンバーどうしのケンカが始まっちゃってね。大失敗でしたよ・
34怖いのは高木（ブー）さんだなぁ～。高木さん寝すぎてボケないようにしてもらいたいやねぇ
35TBSにすごい電話が殺到しちゃった。「うちの子供が寝ない。どうすんだっ」って......10
36
16年続いた「全員集合」が終わったときも、あっけなかったというか、「えっ、これで終わり？」っていう感じでした・
37 30代というのは僕にとっての正念場だったのかもしれないですね・・・・・・02
38 オレがもうちょっと歳をとったら、加藤さんにどうしても言いたいと思っていることが一つあるんです・••・03
第三章愛しのキャラすべて子供から学んだ......
39 3つ好きなキャラクターがあるんだよね•••・・・.08
40撮影がハードなぶん、お色気シーンでくつろぐのは趣味でやってるよ。ウソだってば・
109
107
Ok
4とりあえず股だったらいいやって、顔を真っ白く塗って、眉毛をかく。あれ、相当雑でしょ？••••••iH
4同じキャラクターの場合、何年たっても基本的に特徴は変えません。・・・・•12
3何やってもいいんだものね。そこまでやっちゃいけないだろうということでも・・・・・14
4子供でもお年寄りでもわかる笑いという、僕がめざしてる根本のところはちっとも変わってない。
でも、お客さんの見る目や芸能界の様子はどんどん変わってきている・・・・・・15
55ここはクスクスと笑い、ここで大笑いと、台本を作るうえで計算して笑いの場面を作っている・・・・・17
46屈折した感じでしょうか。それが「変なおじさん」のモチーフになっている・・・・・・10収言い方なんですね。「大丈夫だ」がふつうなんですけど、「だいじょうぶだぁ」と言うと、ちょっと楽しくなるんですよね・・・・・・D1
48 なぜか夜中の2時、3時になると僕らのところにあいさつにくる、ひとみさんというおばあさんがいた…・・・・D2
49ばあさんとね、酔っぱらいがいちばん疲れるんですよ。そのコントをやるのが…
：.p4
50目が悪いから、（舞台上での）バカ殿のときもほとんど見えてないから、暗転のときが一番、怖い。
暗転になった途端、すぐ隣の人の手をパッとつかまないと・・・・・・163l自分が面白いと思ったことしかやらない、というのがこだわりかな・・
17
52不思議な風体の人間がいると尾行していくわけ。無意識のうちに見てんだろうな。
何かないか、何かないかって…
....29
53
人間、つらいことがあっても、笑っていれば、瞬間、そのつらさを忘れることができるじゃないですか。
たとえ一瞬でも・・..。そういう笑いをつくれれば十分なんだね・・・・・・'354「こんな酔っぱらい、いるよなあ」とか、「こんなおばあちゃん、いるよな」って見せないと、ぼくはダメなんですよ。それが原点ですね・・・・・・・R2
5人から2人になったときに、「つまんない」って言われるのがいちばん辛いんで、プレッシャーというか、かなりきましたね・・13
56芸人なんかに常識求めちゃいけないよね・・・・・・B4
全員集合で子供のファンが多いっていわれて、じゃ今度加トケンやって、だいじょうぶだぁやって、それでもついてくるんです・・・••・15
58
チャップリンみたいに、音楽もあって、表情でも寂しさを表現してるみたいな笑いのほうが好きだね、とっても人間的で…
-36
59笑いには今も昔もなくて、普遍的なものだと思っているということだ.....・15
6子供達が素直に参加できればウケますね、必ず・
61まず屈をしてみる、で「エーッ」と顔をしかめる人はダメ。笑っちゃう子がいいんです
140
62 私生活はだらしないけど、こと笑い、番組作りとなるとゆずれない•・•・・・14
63不得意なところに行くより得意なところで勝負した方が勝ち目もあるしね
64僕はね、人の笑った顔が好きなんですよ。人が笑うとちょっと自分が幸せになるでしょう？…••••••14
65
145
職人のように一つのことを「まだまだ」といいながら、どこまでも上を目指していきたい
66バカを通して、一生、楽しく生きたほうが人間らしいじゃないですか・・・・・・16
第四章お笑い道文化人になってはいけない・
67お客さんが大爆笑してくれた瞬間は、「金も女もいらないな」と思いますよ、ホントに…
68 マンネリの力はすごい。今のお笑いって、マンネリすらできないでしょ。
マンネリをバカにしちゃいけないんだね•••••••・50
69 1時間ものの、いいところだけを5分なら5分にギュッと詰めたものがコント・・・・・・53
70ワーキャーなんてお笑いに必要ない・・・・・・D4
7下品バンザイ！ですよ・・・・・・・55
@恥かいて自をなくすよりは、自分の得意なことを磨いていくほうがいいんだよ…・・・・・58
149
150
٠ير *
73いつも100パーセントでやろうとするからダメなんだよ・・・・・・59
74ちょっと面白いものが続いて、最後に100点・・・・・って、そういう構成じゃないとつまらないコントで共演者に求めるのは、基本的にお芝居がちゃんとできる人ですね。
それと、「死ぬ」ということがわかる人...
...61
76コントをメインにしたバラエティーというのは、ファミリーを形成するのに1年ぐらいはかかるんですよ・・・・•••.63
7r 30代で手を抜かなかったから、40代、そしていまの自分があると思うし、やっぱり一番重要な年代なんじゃないのかな
165
78やりたいことやって生きている人って、そうはいないんじゃない。
だから、仕事では絶対文句をいわない・・・・・・06
79アイデアが出ないときには、「出るまで待つしかない」と自分に言い聞かせ、ガツガツイライラするのだけはやめようと・・
167
80
アドリブみたいなのばっかりで創っていると、一瞬は新しく見えるんですよ。
でも長く見ていると、あきてくる…・・・・.58
81もうちょっともうちょっと、あと少しで完成って思いながらやっていくのは楽しいよ・・・・・・・
82ふざけたりして楽にやっちゃったりすると、芯が立たなくなっちゃう・・・・・・T1
170
83
僕は偶発的な、他人任せの笑いにはあまり興味がない。
作りこんで計算したお笑いが向いているし、好きなんです・
172
84
今も自分が楽しいと思うもの以外は作らない。人をけなす笑いをやらないのも同じ理由です
85全力投球をした後っていうのはね。神経が興奮してて、帰っても寝れないんです・・・・・・T4
86
すげぇんだよ。お前スターか、みたいなのがいるんだよ。
面白えな、それがデフォルメされてネタになったりすることもありますね・・・...16見てるほうには、「いいなあ、おまえ、好きなことやってて」って思わせなきゃいけないんですよ…・・・
88 リーダーとしての資質でもっともたいせつなものはまず忍耐•・・・・18
8g いかりやさんから学んだのはけっしてあきらめないってことだ・・・・・・79
第五章あなたに感謝 愛情、友情、恋情
∞
90
おふくろ、決まってオレに耳打ちするんですよ。「お前、いま付き合ってる人、いないのかい？」・・9l”おふくろの味”でパッと浮かぶのは、すいとんですね。
あの味は、おふくろじゃないと出ないんだなあ・・・・・・・3S？！おふくろにいちばん感謝しているのは、お笑いのセンスをもらったことですね・・・・89
g3芸事はやはり芸人の基本。考えてみれば、そういう意識も二人は共通しているね・・・・・・・D4
94「高倉健ですけど。志村さんに弟子入りを志願してる高倉健です」もうびっくりして•・・・・・・D3
95
柄本明さんにも頭が下がりますね。ホント、おかしい人ですよ。シャイで常識人。
でも、あの顔はおいしいよね••・••・・15
96
吉さんが急に「ギターある？」って言って、「志村けんの歌」を作ってくれたの。これが泣かすんだな・「ケンちゃん、お笑いはバカになりきることだよ」そうだよな、東さん・・・・・•。
わかってるよ、うん、俺もバカで終わるから・・・・・・・・・・・・.D9
98
野球が好きで球場にもよく行くんだけど、グラウンドで練習を見てると、長嶋監督ったら「今日は野球を見に来たんですか」ってマジで聞くからね・・・・・・20
gちょっとホロッとしたお便りがあったんだ.・・・・20
00女性とお付き合いを始めるとき、相手の親御さんに挨拶にいってました…・・・・.23
101
どの人とも、おつきあいする時は、最初から結婚したいと思ってる…
204
02 もし結婚するなら別居結婚というか、週3日は離れていたい。それが理想だね・・・・・・25
103
最後は、恋愛も忍耐なんだろうな。そこを耐えて、乗り越える。
それが、いつも乗り越えられないですね・・•・・・•7
第六童僕の居場所一人になって考える別感
209
104
ウチの犬は彼女の代わりに晩酌の相手もしてくれるんだ・・・...
105
衣装に着替えるコトがなければ、そのままノーパンで出掛けちゃいます
106
稼いだ金は使わないと。スイス銀行に預けてる場合じゃないって…
212
1つらさを引き受けないと、生きる喜びというのは手に入らないんじゃないですか？......24
108
SEXに興味がなくなった、なんてことはまったくなくて、「まだまだこれからだ！」と思っているのに、情けねぇよなぁ・・・
109
僕なんか仕事で精力使っちゃうと、ふだんはあまりいい顔はしない。ニコニコなんてしないですもん
110
素顔は他人にあんまり見せたくないんだよ。だから扮装するんだ。
メイクしたり、カツラを被ると人格が変わってくる•••・・・28
11好きなものが1つあるって、人生の中ですごく幸せなことなのに、ね…・....20
112
体にいいことなんて何もしてない。でもあまりグズグズ生きるのもイヤだからね
113
考えてみりゃ寂しい人生だよな。お金を使うったって税金がほとんど。
あとは酒飲んでビデオ買うくらい•••••・・22
1g 僕は金には執着がない。やっぱり、入ってきたものはきちんと排泄しないと回ってこない・・・・・・23
115
休むと不安になっちゃうもん。頭を回転させてることを。何か新しいものか、なんかを見るとか聴くとかしてないとダメなのね・・・・・・24
16近所の子供が登校時間にイタズラするんですよ。なんとかしなきゃあって思って、玄関のところで、待っててね…
17近頃は、「健康オタク」といわれるくらい健康には気をつかっている・・・・・.26
18オレ、いまでも、サツマイモ見るだけでムカックもん......23
119
秋の夜長、新鮮なふぐに舌鼓みを打ち、旨い酒を酌み交わす。酒が酒を飲む・
229
120
僕は、落ち込んだ時は、自分をもっと落ち込むようにもっていくタイプ…・・・・・.20
121
パン君が会った瞬間「キッ」と声を出すのは、宮沢さんと僕だけなんですって。
頬ずりしてくる。いやぁ、たまらないですよ・・・・・・・22
22昔から、子どもと動物にはかなわない…・・・・・23
123
ペットがいいのは、まず可愛いから、気持ちがなごむでしょう。あと、嘘をつかないでしょう？
喋らないし、余計なことを言わない…・・・・・24
14犬はオレの、心の「癒し」なんですよ.....26
I5とくにオレは、ボケが怖い…・・・・・39
135
134
133
132
131
130
129
16常に何かに恋してないと、つまらないよね...・・.20
127
128
できればずっと「お笑い職人」って言われたいですね・・・・・22
ほんと、貧乏性。そういう性格を直そうと思った時期もあるんだけど、その性格のおかげでここまできたんだし..・・・・4
第七章人生の見つけ方石を受けてみよ
人に自分と同じくらいの点数のものを、持ってこいというのが間違っているんだよね
ちゃんとしたものを見せないと人はついて来ないよ.....・・どうせ死んだらずっと寝られるんだから、生きているうちは苦労したほうがいいね..
喜劇人は、ある意味、完璧主義者じゃないとダメだと思います。
「もう、これでいいんじゃないの？」と思ったら、そこでおしまいでしょう•・・・・・30元気の秘訣は好きなことやって、愚痴らないってこと！
笑うのは人間しかできないことですから。これがなかったら人生やっていけない…
252
よく考えると、やっぱり恋愛している時のほうが、いいコントができることが多いのかな
246
245
253
136
ドリフの時みたいに公開録画というのが、お笑いの本来の姿ですよ。
ツボにピッタリはまった時なんか、何百人、何千人が、自分の思いどおりに笑ってくれる
137
”真面目さ”っていうのは大事だよね。どんな仕事でも一緒だよ・・・・・・26
18 40代って、20代、30代の蓄積があるから、引き出しがそこそこ増えてくるんだよね・・・..27
29 自分と意見が違う人がいても、一度はそれに従ってみて、こっちの案も試してもらう。その上で、どちらか選べばいいと思うんですよ。自分を押し殺す必要もないし、押し通す必要もない・・・・・・28
10オレは高い声のキャラが多いんだけど、そういう声の持っている力って、いろいろな場面で影響が出ると思うよ・・・・・・・29
11 人生って一度しかないんだけど、いろいろな人生を疑似体験できるからね。いいのも悪いのも.....・・・・・20
12酒を飲んで本音を見せ合う。腹割って話してみて、ダメだと思ったらやめちゃえばいいじゃん....・24
13まずは石を投げてみなよって。投げないことには何も始まんないよ・・・・・22
14女性は、いくつになっても「可愛い」ってのはいいんだよな。
それは、顔が可愛いっていうんじゃなくて、内面が重要だよな・・
263
15 人間には”無駄”が必要なんだ。その無駄が“遊び、なんだよ・・・・・・28
16この人いいなと思ったら、その人の真似をするのが一番だよ・・・・・・24
147
何か自信を持てるものを探すことだよな。仕事でもいいし、趣味でもいいし、夢中になれるものを見つけることだよ・
18どんどん忘れていくことだね！ そこから挽回しようとするとハマっていくから、次のこと次のことって先に進むことだよ・・・・・・26
149
一番の理想は、舞台に出てきて、そのまま何もしないで下がって、それなのに客は大笑いしてるっていうのだね・・・・・・27
150
154
155
156
人のせいにするのが一番嫌いなんだよね・・・・・・28
51片思いの友情ってないから、友情は必ず両思いなんだよ・・・・・.33
12僕はタレントじゃなくて、いつまでも“コメディアン”、喜劇人でありたいんだ…・・・・・70
53世の中には、自分だけが気持ちいいことなんてないんだよ、オナニー以外は（笑い）…・・・・・21待っていたって何も起こらないんだ.
265
273
僕はドリフの笑いが好きだったんで、ドリフを選んだ。だから、一度も辞めたいと思ったことはないし。
5人でいることが本当に楽しかった・・・・・24
みんなそれぞれ違う人生なんだから、自分の好きなことを探して、それを一生懸命続けてみてほしいってこと・・・・・・26
157
あっという間だね。こんなにお笑いを長くやるとは思ってなかったけど、僕にはこれが一生の仕事ですからね。死ぬまでずっと続けますよ・・・・・・Z8
58100点が取れるまではやろうと思うんですけども、100点は、絶対一生取れないと思うんですよ・・・・・・.%
79
59これだけ年齢も世代も違う人間が集まったグループは出ないでしょうね・・・・・・20
10コントも芝居も大きな違いはないけど、違うとすれば・・・笑わせなくていいことですね・・・・・・32","",notion,33d749de-9a26-8123-9cb8-fd62c1fdfed6,0,0,"2026-04-09 07:54:08","2026-04-09 07:54:08",resource\cover_images\9784865901061.webp,1
9784801301511,"焦茶本棚","本当は怖い日本のしきたり : 羽根つき、子守唄、結納…秘められた凄惨なルーツ",ndl,382.1,ndl,9,ndl,"火田, 博文,火田博文 著",ndl,"彩図社",ndl,2016,ndl,"","","","",219,ndl,"はじめに
第一章
年中行事のしきたり
正月
羽根つき
初詣
餅
七草粥
・2
22
20
18
16
14
節分
ひな祭り
お彼岸花見
端午の節句
衣替え
七夕…
土用の丑の日
盆：
十五夜
42
40
38
36
34
32
30
2
8
2
24
入さい
神無月
七五三
大掃除
48
46
44
第二章
歌や言い伝えの
しきたり
とおりゃんせ
かごめかごめ
遊女たちの慰め歌
56
54
52
蝶々
子守唄
てるてる坊主
指きりげんまん
カラス
爪
忌み数
霊柩車
敷居：
息と口笛
66
64
6
6
58
4
7
76
異類婚
78
第三章
日常生活の中の
しきたり
あいさつ
お辞儀と握手
化粧
入れ墨
アイドル（タレント）.
82
84
6
∞
8
∞
90
手紙
もしもし
履物を外に向けてそろえる
（出舟の形）
地蔵
道祖神
鬼ごっこ
えんがちょ
花札
将棋
108
106 104 102
100
98
96
94
92
うちわ
だるま
鈴
招き猫
おみくじ
こけし
人形
案山子
箸
酒
128
126
124
122
120
118
116
114
112
110
凧
橋
箒、箕
トイレ・
登山
おじろく、おばさ
姥捨て山
人柱
村八分：
146 144
142
140
138
136 134 132
130
第四章
冠婚葬祭・神事の
しきたい
鳥居
参道の真ん中
お賽銭
穢れ
神輿
花火
160
158
156
154
152
150
災いをはらう祭り
パーントゥ・プナカ
悪石島のボゼ
護法祭：
面掛行列
統人行事
会津まつり
流鏑馬・野馬追
相撲
女人禁制
180
178
176
174
172
170
168
166
164
162
元服
結納
嫁入り
結婚指輪
処女権
乱婚
夜這い出産
通夜
香典
200
198
196
194
192
190
188
186
184
182
友引
北枕
戒名
洗骨
葬儀とカニバリズム
死者が身につけるもの彼岸花
清めの塩
おわりに
216 214
212
210
208
206
204
202
218","",notion,34a749de-9a26-81ca-bdf3-d78a6344ac6e,0,0,"2026-04-22 22:27:23","2026-04-22 22:27:23",resource\cover_images\9784801301511.webp,1
9784797376791,"焦茶本棚","いちばん詳しい「ケルト神話」がわかる事典 : ダーナの神々、妖精からアーサー王伝説まで",ndl,164.339,ndl,9,ndl,"森瀬, 繚, 1972-,森瀬繚 著",ndl,"SBクリエイティブ",ndl,2014,ndl,"","","","",287,ndl,"目次
まえがき
第一章ケルトの神々
トゥアサ・デ・ダナン
女神ダヌの一族
ダーナ神族
偉大なる大地の母
ダヌ
王権を譲ったダーナ神族の王
ヌアザ
26
24
20
10
治療のスペシャリスト
ディアン・ケヒト・鍛冶の神、宴会の主人
ゴブニュ・・・・・・・.....
ダーナ神族の戦の神
オグマ
愛嬌たっぷりのダーナ神族の首長
ダグザ
聖女と結びついたケルトの女神
ブリード
恋人たちを助ける愛の神
オインガス
妻を捜し続けた異界の王
ミディール
蝶になり転生を繰り返したヒロイン
エーディン
50
48
46
42
38
36
34
30
四人の子供を失った悲しき父
リール
海と異界の支配者
マナナン・マク・リール
百芸に通じた光の神
ルー
試練の探求を課せられた気高き兄弟
トゥレンとその息子たち
死と戦争と予言の三女神
モリガンと戦いの女神たち
北方よりもたらされたアイルランドの神器
ダーナ神族の四秘宝
アイルランドと「創世記」をつなぐ種族
ノアの一族
神話的時代の開拓者
パーホロンの一族
52
54
58
62
64
76
74
70
後の種族の祖先となった一族
ネメズの一族
アイルランドの基礎を築く
フィル・ボルグ族
アイルランドに影を落とす魔の種族
フォモール族
魔眼を持つ巨人
バロール…
神族と魔族の血を引く美しき王
ブレス
アイルランド人の祖先となった種族
ミレー族......
死の神と国の名の誕生
ドウンと三柱の大地の女神
妖精の王と異界の主、そして敵対したものその他の神々
92
90
84
82
80
78
94
～シンコンン
神々の国、常若の国ティル・ナ・ノーグ
ローマ帝国でも人気のあった馬の女神
エポナ
角を持つ半獣の古神
ケルヌンノス
ローマ化により埋もれたケルトの神
ガリア、ブリテン島の神々
資料アイルランド（エーレ）
神話・伝説の地図・
第二章 ケルトの妖精たち
110
107
104
102
98
かつての女神たちは.
女神たちのなれの果て死の兆しを告げる妖精の女
バンシー
働き者の靴屋妖精
レプラホーン
悪しきことも、良きこともプーカ
誇り高き猫族の王
ケット・シー…
妖精の番犬と、死を告げる猟犬
クー・シー.
穏やかな性格の海の妖精たち
メローとセルキー・・・
134
132
129
126
13
120
116
小さな妖精さん
ピクシー
旅人を迷わせる鬼火
ウィル・オ・ザ・ウィスプ
親切な妖精、悪さする妖精
ホブゴブリンとゴブリン
死を予言する首なし妖精
デュラハン
コラム妖精のいたずら
150
148
144
141
138
第三章ケルトの英雄たち
神々に仕える樫の木の賢者
ドルイド
英雄クー・ホリンを導いたドルイド
カスヴァズ
昇天したアルスターの偉大な王
コンホヴォル・マク・ネッサ
悲恋物語の気高きヒロイン
ディアドラ
アイルランド史上最強の戦士
クー・ホリン・
英雄を鍛え上げた女戦士
スカサハ
息子と戦ったクー・ホリンの悲劇
オイフェとコンラ
176
174
170
166
164
162
158
不和と争いの女王
メイヴ
アルスターとコナハトの大戦争
「クーリーの牛争い』
ゲッシュ
魔術と禁忌に倒れた英雄
クー・ホリンの最期
いずれ劣らぬ万夫の雄
アルスター神話群の戦土たち
美しく賢く勇ましき戦士
フィン・マク・クウィル
常若の国をあとにして
オシーン
知恵の鮭を求めた詩人
フィンネガス
悲運のフィアナ騎士団最強戦士
ディルムッド・オディナ
197
194
190
183
180
178
198
アイルランドを守る盾
フィアナ騎士団の勇士たち
地上と冥界をともに統治した偉大な王
プイス
冥界に君臨する高潔なる魔王
アラウン
妹のために立ち上がった巨人の王
ベンディゲイドブラン
不思議な力を持つウェールズの美姫
リアンノン
悪魔に魅入られ、海底へと沈んだ都
失われたイス..........
常春の島を目指した冒険王
ブラン・マク・フェヴァルの航海
妖精に魅了された王子
赤肌のコンラ
213
210
206
202
224
222
219
216
フィル・ボルグ族の都を目指した王子
コン・エーダ王子の冒険スコットランドの竜退治伝説
海竜を退治した若者
キリスト教色の強い仇討ち物語
マイル・ドゥーンの航海
第四章 アーサー王伝説
コラム『オシャン作品集』論争
コラム風刺詩・
234
231
230
228
226
人ならぬ出自の予言者
マーリン
ブリタニアの命運を示す二匹の竜
マーリンの予言
ブリタニア王たちの墓碑
ストーンヘンジの建設
ヨーロッパの大半を支配したプリタニア王
アーサー・ペンドラゴン
アヴァロンを統べる妖精の女王
モルガン・ル・フェイ....
ブリタニアに巣食う大長虫
ワーム・
アーサー王の巨人退治
モン・サン＝ミシェルの巨人
258
255
250
244
240
巨人の娘を娶った若武者
キルッフ
獅子を連れた贖罪の騎士
オウァイン
純真無垢の騎士
ペレドゥル
アーサー宮廷の吟遊詩人の長
タリエシン
アーサー王の竜退治に助力した聖人
聖エフラム
林檎の実る常若の国
アヴァロン
伝説と物語をつなぐ、騎士の中の騎士
ラーンスロット
277
274
271
268
265
262
あとがき
参考文献
280
286
284","",notion,34c749de-9a26-8185-9c59-ca33139f8891,0,0,"2026-04-23 10:43:17","2026-04-23 10:43:17",resource\cover_images\9784797376791.webp,1
